complexity,object_count,triangles_per_mesh,mode,ray_count,median_ms,p95_ms
1x,25,120,true-brute,0,4.1999999999999998e-05,4.1999999999999998e-05
1x,25,120,true-brute,5,0.071666499999999994,0.11147709999999997
1x,25,120,true-brute,9,0.1296455,0.28374584999999991
1x,25,120,true-brute,17,0.24829100000000001,0.54054374999999943
1x,25,120,true-brute,33,0.60231250000000003,1.0549243499999996
1x,25,120,true-brute,65,0.94979150000000001,1.4882642499999994
1x,25,120,true-brute,129,1.9372294999999999,3.0862771000000002
1x,25,120,true-brute,257,4.0254585000000001,6.364481249999999
1x,25,120,true-brute,361,5.3003119999999999,5.9972506499999998
1x,25,120,mesh-bvh,0,4.1999999999999998e-05,4.1999999999999998e-05
1x,25,120,mesh-bvh,5,0.0024794999999999999,0.0034180999999999994
1x,25,120,mesh-bvh,9,0.0044590000000000003,0.0057080000000000004
1x,25,120,mesh-bvh,17,0.008937500000000001,0.011041
1x,25,120,mesh-bvh,33,0.017895500000000002,0.019458050000000001
1x,25,120,mesh-bvh,65,0.034979499999999997,0.0411375
1x,25,120,mesh-bvh,129,0.069666500000000006,0.080513949999999973
1x,25,120,mesh-bvh,257,0.13620850000000001,0.1531354
1x,25,120,mesh-bvh,361,0.19354150000000001,0.20972565000000001
1x,25,120,scene-bvh,0,4.1999999999999998e-05,4.1999999999999998e-05
1x,25,120,scene-bvh,5,0.0019170000000000001,0.0031670000000000001
1x,25,120,scene-bvh,9,0.0041250000000000002,0.005338149999999999
1x,25,120,scene-bvh,17,0.0077914999999999998,0.0098329999999999997
1x,25,120,scene-bvh,33,0.015332999999999999,0.019587199999999999
1x,25,120,scene-bvh,65,0.030853999999999999,0.038877099999999998
1x,25,120,scene-bvh,129,0.061395499999999999,0.076506249999999998
1x,25,120,scene-bvh,257,0.11956249999999999,0.14891074999999993
1x,25,120,scene-bvh,361,0.175041,0.20959934999999999
1x,100,120,true-brute,0,4.1999999999999998e-05,4.1999999999999998e-05
1x,100,120,true-brute,5,0.29977100000000001,0.47467324999999999
1x,100,120,true-brute,9,0.57000000000000006,0.83485174999999989
1x,100,120,true-brute,17,1.0435625000000002,1.5464381499999995
1x,100,120,true-brute,33,2.1593964999999997,3.1455333000000003
1x,100,120,true-brute,65,4.0856459999999997,5.4943229499999982
1x,100,120,true-brute,129,7.7428545,11.554816349999992
1x,100,120,true-brute,257,15.009542,17.200636049999989
1x,100,120,true-brute,361,20.672729,24.235306250000001
1x,100,120,mesh-bvh,0,4.1e-05,4.1999999999999998e-05
1x,100,120,mesh-bvh,5,0.0072709999999999997,0.011339249999999997
1x,100,120,mesh-bvh,9,0.0155415,0.036108999999999988
1x,100,120,mesh-bvh,17,0.027771500000000001,0.0496681
1x,100,120,mesh-bvh,33,0.0548335,0.10907084999999997
1x,100,120,mesh-bvh,65,0.11729150000000001,0.21053539999999996
1x,100,120,mesh-bvh,129,0.23168749999999999,0.38530204999999995
1x,100,120,mesh-bvh,257,0.59747949999999994,1.033893449999999
1x,100,120,mesh-bvh,361,0.71312449999999994,0.98048715000000009
1x,100,120,scene-bvh,0,4.1e-05,4.1999999999999998e-05
1x,100,120,scene-bvh,5,0.0024160000000000002,0.004431549999999995
1x,100,120,scene-bvh,9,0.0054580000000000002,0.016931549999999997
1x,100,120,scene-bvh,17,0.01175,0.020362499999999877
1x,100,120,scene-bvh,33,0.024125000000000001,0.074560099999999963
1x,100,120,scene-bvh,65,0.049146000000000002,0.17251249999999979
1x,100,120,scene-bvh,129,0.095020500000000008,0.18205384999999988
1x,100,120,scene-bvh,257,0.16458349999999999,0.24069939999999998
1x,100,120,scene-bvh,361,0.247396,0.38592294999999965
1x,400,120,true-brute,0,4.1999999999999998e-05,4.1999999999999998e-05
1x,400,120,true-brute,5,1.591062,3.086708349999999
1x,400,120,true-brute,9,3.0901665,7.9101579999999991
1x,400,120,true-brute,17,5.9154999999999998,9.6600541499999988
1x,400,120,true-brute,33,9.696291500000001,16.498737499999994
1x,400,120,true-brute,65,19.939250000000001,27.845344049999994
1x,400,120,true-brute,129,38.912208,50.866835399999971
1x,400,120,true-brute,257,68.826791999999998,97.082531599999982
1x,400,120,true-brute,361,99.037000000000006,186.57171839999984
1x,400,120,mesh-bvh,0,4.1999999999999998e-05,4.1999999999999998e-05
1x,400,120,mesh-bvh,5,0.033062500000000002,0.038462150000000001
1x,400,120,mesh-bvh,9,0.068167000000000005,0.10389999999999999
1x,400,120,mesh-bvh,17,0.22714600000000001,1.1137472999999998
1x,400,120,mesh-bvh,33,0.394229,0.76339939999999984
1x,400,120,mesh-bvh,65,0.60727100000000001,1.4681026999999998
1x,400,120,mesh-bvh,129,1.0496664999999998,1.4862107499999999
1x,400,120,mesh-bvh,257,1.9846254999999999,2.4549877999999983
1x,400,120,mesh-bvh,361,3.1225414999999996,4.5945187499999989
1x,400,120,scene-bvh,0,4.1999999999999998e-05,4.1999999999999998e-05
1x,400,120,scene-bvh,5,0.0031250000000000002,0.0058422999999999973
1x,400,120,scene-bvh,9,0.0080625000000000002,0.01255834999999998
1x,400,120,scene-bvh,17,0.015708,0.029970549999999995
1x,400,120,scene-bvh,33,0.032729000000000001,0.041436849999999997
1x,400,120,scene-bvh,65,0.065229000000000009,0.08930799999999979
1x,400,120,scene-bvh,129,0.1308125,0.16103779999999995
1x,400,120,scene-bvh,257,0.22941700000000001,0.32432739999999999
1x,400,120,scene-bvh,361,0.30725000000000002,0.37173299999999937
4x,25,480,true-brute,0,4.1e-05,4.1999999999999998e-05
4x,25,480,true-brute,5,0.29585450000000002,0.42380269999999992
4x,25,480,true-brute,9,0.51766650000000003,0.6500083499999999
4x,25,480,true-brute,17,1.041458,1.6471121999999989
4x,25,480,true-brute,33,2.0265,2.6847931499999995
4x,25,480,true-brute,65,4.2439579999999992,5.5133728999999976
4x,25,480,true-brute,129,7.7101459999999999,9.1250788499999977
4x,25,480,true-brute,257,17.3478335,29.47780805
4x,25,480,true-brute,361,22.885333500000002,30.626605899999994
4x,25,480,mesh-bvh,0,4.1999999999999998e-05,4.1999999999999998e-05
4x,25,480,mesh-bvh,5,0.0027079999999999999,0.003875
4x,25,480,mesh-bvh,9,0.0050419999999999996,0.0065420000000000001
4x,25,480,mesh-bvh,17,0.0098750000000000001,0.01146105
4x,25,480,mesh-bvh,33,0.020083,0.022675349999999997
4x,25,480,mesh-bvh,65,0.0393955,0.043716349999999994
4x,25,480,mesh-bvh,129,0.077541499999999999,0.08575205000000001
4x,25,480,mesh-bvh,257,0.153229,0.17435804999999999
4x,25,480,mesh-bvh,361,0.21650000000000003,0.2396354
4x,25,480,scene-bvh,0,4.1e-05,4.1999999999999998e-05
4x,25,480,scene-bvh,5,0.0021454999999999998,0.0035000000000000001
4x,25,480,scene-bvh,9,0.0045415000000000004,0.0061250000000000002
4x,25,480,scene-bvh,17,0.0087500000000000008,0.010544099999999999
4x,25,480,scene-bvh,33,0.016688000000000001,0.02137915
4x,25,480,scene-bvh,65,0.035250000000000004,0.043462149999999998
4x,25,480,scene-bvh,129,0.067708500000000005,0.086899999999999991
4x,25,480,scene-bvh,257,0.13025,0.16462705
4x,25,480,scene-bvh,361,0.18983349999999999,0.23021934999999996
4x,100,480,true-brute,0,4.1999999999999998e-05,4.1999999999999998e-05
4x,100,480,true-brute,5,1.1836034999999998,1.45808125
4x,100,480,true-brute,9,2.3649789999999999,2.7593152000000001
4x,100,480,true-brute,17,4.4812290000000008,5.8950124999999991
4x,100,480,true-brute,33,8.7260625000000012,10.52545625
4x,100,480,true-brute,65,16.842103999999999,21.886627399999991
4x,100,480,true-brute,129,34.693791500000003,47.14688125
4x,100,480,true-brute,257,64.253874999999994,74.851579149999992
4x,100,480,true-brute,361,88.727833000000004,104.07283299999996
4x,100,480,mesh-bvh,0,4.1999999999999998e-05,4.1999999999999998e-05
4x,100,480,mesh-bvh,5,0.010874999999999999,0.039051449999999953
4x,100,480,mesh-bvh,9,0.018520999999999999,0.032375349999999976
4x,100,480,mesh-bvh,17,0.036062999999999998,0.048929799999999968
4x,100,480,mesh-bvh,33,0.071957999999999994,0.098026749999999982
4x,100,480,mesh-bvh,65,0.1435835,0.18791699999999995
4x,100,480,mesh-bvh,129,0.26268800000000003,0.36063539999999994
4x,100,480,mesh-bvh,257,0.5350625,0.71195689999999989
4x,100,480,mesh-bvh,361,0.90752100000000002,1.9018728999999985
4x,100,480,scene-bvh,0,4.1e-05,4.1999999999999998e-05
4x,100,480,scene-bvh,5,0.0023544999999999998,0.0034600999999999994
4x,100,480,scene-bvh,9,0.0057499999999999999,0.0080461499999999984
4x,100,480,scene-bvh,17,0.0116875,0.016341349999999998
4x,100,480,scene-bvh,33,0.027124499999999999,0.037670799999999983
4x,100,480,scene-bvh,65,0.045999999999999999,0.062239249999999989
4x,100,480,scene-bvh,129,0.10220849999999999,0.2197520999999997
4x,100,480,scene-bvh,257,0.22422900000000001,0.47849519999999984
4x,100,480,scene-bvh,361,0.29314649999999998,0.45043574999999964
4x,400,480,true-brute,0,4.1999999999999998e-05,4.1999999999999998e-05
4x,400,480,true-brute,5,5.6108750000000001,7.307088949999998
4x,400,480,true-brute,9,11.0479795,15.31659999999996
4x,400,480,true-brute,17,21.611457999999999,29.719391349999992
4x,400,480,true-brute,33,41.882541500000002,60.173817299999861
4x,400,480,true-brute,65,87.958333499999995,143.11568990000001
4x,400,480,true-brute,129,210.67583300000001,440.45855834999981
4x,400,480,true-brute,257,343.43672949999996,457.89445834999998
4x,400,480,true-brute,361,484.11039599999998,628.55413749999946
4x,400,480,mesh-bvh,0,4.1999999999999998e-05,8.3999999999999995e-05
4x,400,480,mesh-bvh,5,0.055,0.064183649999999995
4x,400,480,mesh-bvh,9,0.1038335,0.12075419999999999
4x,400,480,mesh-bvh,17,0.21983349999999999,0.46737919999999999
4x,400,480,mesh-bvh,33,0.41899999999999998,0.83042499999999952
4x,400,480,mesh-bvh,65,0.87933349999999999,2.4007110499999991
4x,400,480,mesh-bvh,129,1.6545835,2.0905604499999995
4x,400,480,mesh-bvh,257,3.3275005000000002,4.9682895499999971
4x,400,480,mesh-bvh,361,4.3201669999999996,5.594471149999996
4x,400,480,scene-bvh,0,4.1999999999999998e-05,4.1999999999999998e-05
4x,400,480,scene-bvh,5,0.0039160000000000002,0.0070124999999999962
4x,400,480,scene-bvh,9,0.0088749999999999992,0.013586050000000001
4x,400,480,scene-bvh,17,0.017687999999999999,0.024673250000000001
4x,400,480,scene-bvh,33,0.036395999999999998,0.046960099999999998
4x,400,480,scene-bvh,65,0.073749999999999996,0.098106249999999964
4x,400,480,scene-bvh,129,0.146208,0.17941839999999998
4x,400,480,scene-bvh,257,0.283271,0.35693124999999998
4x,400,480,scene-bvh,361,0.40649999999999997,0.48310865000000003
16x,25,1920,true-brute,0,4.1999999999999998e-05,8.3999999999999995e-05
16x,25,1920,true-brute,5,1.742521,2.4290214999999997
16x,25,1920,true-brute,9,3.065979,3.8175003499999995
16x,25,1920,true-brute,17,5.5342920000000007,8.4829249999999981
16x,25,1920,true-brute,33,9.5959165000000013,11.566360399999999
16x,25,1920,true-brute,65,24.813645999999999,71.766454149999959
16x,25,1920,true-brute,129,43.327562999999998,56.723431249999969
16x,25,1920,true-brute,257,79.4296875,100.99918604999996
16x,25,1920,true-brute,361,98.010499500000009,124.16590864999996
16x,25,1920,mesh-bvh,0,4.1999999999999998e-05,4.1999999999999998e-05
16x,25,1920,mesh-bvh,5,0.0034169999999999999,0.0051690499999999988
16x,25,1920,mesh-bvh,9,0.0053749999999999996,0.0073791999999999981
16x,25,1920,mesh-bvh,17,0.011207999999999999,0.013754199999999999
16x,25,1920,mesh-bvh,33,0.022291999999999999,0.025087149999999999
16x,25,1920,mesh-bvh,65,0.044645499999999998,0.051335099999999995
16x,25,1920,mesh-bvh,129,0.09635450000000001,0.115692
16x,25,1920,mesh-bvh,257,0.18935399999999999,0.23399999999999987
16x,25,1920,mesh-bvh,361,0.26041700000000001,0.34285659999999996
16x,25,1920,scene-bvh,0,4.1999999999999998e-05,4.1999999999999998e-05
16x,25,1920,scene-bvh,5,0.0022499999999999998,0.0032520999999999991
16x,25,1920,scene-bvh,9,0.0053544999999999999,0.017287499999999987
16x,25,1920,scene-bvh,17,0.0096039999999999997,0.012135399999999998
16x,25,1920,scene-bvh,33,0.021062500000000001,0.033383349999999999
16x,25,1920,scene-bvh,65,0.040541000000000001,0.054310399999999981
16x,25,1920,scene-bvh,129,0.079000000000000001,0.10686634999999998
16x,25,1920,scene-bvh,257,0.15808349999999999,0.21159549999999999
16x,25,1920,scene-bvh,361,0.2536255,0.31260269999999996
16x,100,1920,true-brute,0,4.1999999999999998e-05,4.1999999999999998e-05
16x,100,1920,true-brute,5,5.4709380000000003,5.9189354499999993
16x,100,1920,true-brute,9,11.6694795,17.790848199999989
16x,100,1920,true-brute,17,19.52375,23.626376799999981
16x,100,1920,true-brute,33,38.617333000000002,119.76050239999989
16x,100,1920,true-brute,65,92.834228999999993,193.44604794999998
16x,100,1920,true-brute,129,78.875458000000009,105.43408539999999
16x,100,1920,true-brute,257,224.39404150000001,313.77603749999986
16x,100,1920,true-brute,361,349.34602050000001,443.36771839999994
16x,100,1920,mesh-bvh,0,4.1e-05,4.1999999999999998e-05
16x,100,1920,mesh-bvh,5,0.010437499999999999,0.013999699999999986
16x,100,1920,mesh-bvh,9,0.017687500000000002,0.0217101
16x,100,1920,mesh-bvh,17,0.035582999999999997,0.042469049999999987
16x,100,1920,mesh-bvh,33,0.071354000000000001,0.083090199999999961
16x,100,1920,mesh-bvh,65,0.1408335,0.16081284999999998
16x,100,1920,mesh-bvh,129,0.2805415,0.36292914999999998
16x,100,1920,mesh-bvh,257,0.57735449999999999,0.8745690499999994
16x,100,1920,mesh-bvh,361,0.80095899999999998,1.1113600999999993
16x,100,1920,scene-bvh,0,4.1e-05,4.1999999999999998e-05
16x,100,1920,scene-bvh,5,0.003375,0.0056249999999999998
16x,100,1920,scene-bvh,9,0.0073340000000000002,0.0093749999999999997
16x,100,1920,scene-bvh,17,0.012749999999999999,0.015941949999999993
16x,100,1920,scene-bvh,33,0.026333499999999999,0.032250000000000001
16x,100,1920,scene-bvh,65,0.051728999999999997,0.06325625
16x,100,1920,scene-bvh,129,0.10518749999999999,0.12698509999999977
16x,100,1920,scene-bvh,257,0.23375000000000001,0.89759439999999946
16x,100,1920,scene-bvh,361,0.28935449999999996,0.35925689999999999
16x,400,1920,true-brute,0,4.1999999999999998e-05,4.1999999999999998e-05
16x,400,1920,true-brute,5,22.398916499999999,29.190799649999995
16x,400,1920,true-brute,9,46.493207999999996,67.940022949999999
16x,400,1920,true-brute,17,68.751374499999997,94.356616349999996
16x,400,1920,true-brute,33,126.7645835,155.70742709999999
16x,400,1920,true-brute,65,312.74770799999999,439.46857324999991
16x,400,1920,true-brute,129,561.64616649999994,811.72748539999952
16x,400,1920,true-brute,257,983.58989550000001,1482.9412826999999
16x,400,1920,true-brute,361,1649.9695004999999,3436.7496857499996
16x,400,1920,mesh-bvh,0,4.1e-05,4.1999999999999998e-05
16x,400,1920,mesh-bvh,5,0.040437500000000001,0.048266649999999994
16x,400,1920,mesh-bvh,9,0.077604499999999993,0.088472599999999985
16x,400,1920,mesh-bvh,17,0.1518545,0.17408815
16x,400,1920,mesh-bvh,33,0.30035449999999997,0.34454789999999996
16x,400,1920,mesh-bvh,65,0.59577100000000005,0.67173715000000001
16x,400,1920,mesh-bvh,129,1.2382499999999999,2.2771249999999994
16x,400,1920,mesh-bvh,257,2.317062,2.7550350999999993
16x,400,1920,mesh-bvh,361,3.0214375000000002,3.6027610499999998
16x,400,1920,scene-bvh,0,4.1e-05,4.1999999999999998e-05
16x,400,1920,scene-bvh,5,0.0029164999999999998,0.0048360499999999989
16x,400,1920,scene-bvh,9,0.0065415000000000004,0.008964299999999998
16x,400,1920,scene-bvh,17,0.013521,0.018959
16x,400,1920,scene-bvh,33,0.0270835,0.034044100000000001
16x,400,1920,scene-bvh,65,0.0548955,0.070229499999999931
16x,400,1920,scene-bvh,129,0.10897899999999999,0.13622769999999998
16x,400,1920,scene-bvh,257,0.209396,0.26025684999999998
16x,400,1920,scene-bvh,361,0.30758350000000001,0.37324200000000002
