complexity,object_count,triangles_per_mesh,transition,from_mode,to_mode,ray_count,from_median_ms,to_median_ms,median_reduction_ms,median_speedup,from_p95_ms,to_p95_ms,p95_reduction_ms,p95_speedup
1x,25,120,true-brute_to_mesh-bvh,true-brute,mesh-bvh,0,4.2e-05,4.2e-05,0.0,1.0,4.2e-05,4.2e-05,0.0,1.0
1x,25,120,true-brute_to_mesh-bvh,true-brute,mesh-bvh,5,0.0716665,0.0024795,0.069187,28.903609598709416,0.11147709999999997,0.0034180999999999994,0.10805899999999997,32.61376203153799
1x,25,120,true-brute_to_mesh-bvh,true-brute,mesh-bvh,9,0.1296455,0.004459,0.1251865,29.075016819914776,0.2837458499999999,0.005708,0.2780378499999999,49.710204975473005
1x,25,120,true-brute_to_mesh-bvh,true-brute,mesh-bvh,17,0.248291,0.008937500000000001,0.2393535,27.780811188811185,0.5405437499999994,0.011041,0.5295027499999995,48.95786160673847
1x,25,120,true-brute_to_mesh-bvh,true-brute,mesh-bvh,33,0.6023125,0.0178955,0.5844170000000001,33.65720432510966,1.0549243499999996,0.01945805,1.0354662999999997,54.215317053867146
1x,25,120,true-brute_to_mesh-bvh,true-brute,mesh-bvh,65,0.9497915,0.0349795,0.914812,27.152803785074116,1.4882642499999994,0.0411375,1.4471267499999994,36.17780006077179
1x,25,120,true-brute_to_mesh-bvh,true-brute,mesh-bvh,129,1.9372295,0.0696665,1.8675629999999999,27.807188533943858,3.0862771,0.08051394999999997,3.0057631500000004,38.33220330141548
1x,25,120,true-brute_to_mesh-bvh,true-brute,mesh-bvh,257,4.0254585,0.1362085,3.88925,29.553651203852915,6.364481249999999,0.1531354,6.211345849999999,41.56113641914279
1x,25,120,true-brute_to_mesh-bvh,true-brute,mesh-bvh,361,5.300312,0.1935415,5.1067705,27.385919815646773,5.99725065,0.20972565,5.787525,28.59569466109653
1x,25,120,mesh-bvh_to_scene-bvh,mesh-bvh,scene-bvh,0,4.2e-05,4.2e-05,0.0,1.0,4.2e-05,4.2e-05,0.0,1.0
1x,25,120,mesh-bvh_to_scene-bvh,mesh-bvh,scene-bvh,5,0.0024795,0.001917,0.0005624999999999998,1.2934272300469483,0.0034180999999999994,0.003167,0.00025109999999999933,1.0792863909062202
1x,25,120,mesh-bvh_to_scene-bvh,mesh-bvh,scene-bvh,9,0.004459,0.004125,0.0003340000000000001,1.080969696969697,0.005708,0.005338149999999999,0.00036985000000000143,1.0692843026142018
1x,25,120,mesh-bvh_to_scene-bvh,mesh-bvh,scene-bvh,17,0.008937500000000001,0.0077915,0.0011460000000000012,1.1470833600718733,0.011041,0.009833,0.0012080000000000007,1.1228516220888844
1x,25,120,mesh-bvh_to_scene-bvh,mesh-bvh,scene-bvh,33,0.0178955,0.015333,0.0025625000000000023,1.1671231983303987,0.01945805,0.0195872,-0.00012914999999999802,0.9934064082666232
1x,25,120,mesh-bvh_to_scene-bvh,mesh-bvh,scene-bvh,65,0.0349795,0.030854,0.004125499999999997,1.133710377908861,0.0411375,0.0388771,0.0022604000000000027,1.0581421968202362
1x,25,120,mesh-bvh_to_scene-bvh,mesh-bvh,scene-bvh,129,0.0696665,0.0613955,0.008271000000000008,1.134716713765667,0.08051394999999997,0.07650625,0.004007699999999975,1.052383955559186
1x,25,120,mesh-bvh_to_scene-bvh,mesh-bvh,scene-bvh,257,0.1362085,0.11956249999999999,0.016646000000000022,1.1392242550967069,0.1531354,0.14891074999999993,0.00422465000000008,1.0283703493535563
1x,25,120,mesh-bvh_to_scene-bvh,mesh-bvh,scene-bvh,361,0.1935415,0.175041,0.018500500000000003,1.1056923806422496,0.20972565,0.20959935,0.00012630000000002362,1.0006025782045604
1x,100,120,true-brute_to_mesh-bvh,true-brute,mesh-bvh,0,4.2e-05,4.1e-05,9.999999999999972e-07,1.024390243902439,4.2e-05,4.2e-05,0.0,1.0
1x,100,120,true-brute_to_mesh-bvh,true-brute,mesh-bvh,5,0.299771,0.007271,0.2925,41.22830422225279,0.47467325,0.011339249999999997,0.46333399999999997,41.86107987741695
1x,100,120,true-brute_to_mesh-bvh,true-brute,mesh-bvh,9,0.5700000000000001,0.0155415,0.5544585000000001,36.67599652543191,0.8348517499999999,0.03610899999999999,0.79874275,23.12032318812485
1x,100,120,true-brute_to_mesh-bvh,true-brute,mesh-bvh,17,1.0435625000000002,0.0277715,1.015791,37.576742343769695,1.5464381499999995,0.0496681,1.4967700499999994,31.135440051058918
1x,100,120,true-brute_to_mesh-bvh,true-brute,mesh-bvh,33,2.1593964999999997,0.0548335,2.1045629999999997,39.38097148640885,3.1455333000000003,0.10907084999999997,3.03646245,28.839358086968254
1x,100,120,true-brute_to_mesh-bvh,true-brute,mesh-bvh,65,4.085646,0.1172915,3.9683545,34.83326583767792,5.494322949999998,0.21053539999999996,5.283787549999998,26.09690793092278
1x,100,120,true-brute_to_mesh-bvh,true-brute,mesh-bvh,129,7.7428545,0.2316875,7.511167,33.41938818451578,11.554816349999992,0.38530204999999995,11.169514299999992,29.988982280265557
1x,100,120,true-brute_to_mesh-bvh,true-brute,mesh-bvh,257,15.009542,0.5974794999999999,14.4120625,25.12143429188784,17.20063604999999,1.033893449999999,16.166742599999992,16.6367588942555
1x,100,120,true-brute_to_mesh-bvh,true-brute,mesh-bvh,361,20.672729,0.7131244999999999,19.9596045,28.988947932654117,24.23530625,0.9804871500000001,23.2548191,24.717617410896203
1x,100,120,mesh-bvh_to_scene-bvh,mesh-bvh,scene-bvh,0,4.1e-05,4.1e-05,0.0,1.0,4.2e-05,4.2e-05,0.0,1.0
1x,100,120,mesh-bvh_to_scene-bvh,mesh-bvh,scene-bvh,5,0.007271,0.002416,0.004855,3.0095198675496686,0.011339249999999997,0.004431549999999995,0.006907700000000002,2.558754837472218
1x,100,120,mesh-bvh_to_scene-bvh,mesh-bvh,scene-bvh,9,0.0155415,0.005458,0.010083499999999999,2.8474716013191643,0.03610899999999999,0.016931549999999997,0.01917744999999999,2.1326458593572353
1x,100,120,mesh-bvh_to_scene-bvh,mesh-bvh,scene-bvh,17,0.0277715,0.01175,0.0160215,2.363531914893617,0.0496681,0.020362499999999877,0.029305600000000123,2.4391945979128447
1x,100,120,mesh-bvh_to_scene-bvh,mesh-bvh,scene-bvh,33,0.0548335,0.024125,0.0307085,2.2728911917098444,0.10907084999999997,0.07456009999999996,0.03451075000000001,1.4628581506730816
1x,100,120,mesh-bvh_to_scene-bvh,mesh-bvh,scene-bvh,65,0.1172915,0.049146,0.0681455,2.3865930085866602,0.21053539999999996,0.1725124999999998,0.038022900000000165,1.220406637200204
1x,100,120,mesh-bvh_to_scene-bvh,mesh-bvh,scene-bvh,129,0.2316875,0.09502050000000001,0.13666699999999998,2.438289632237254,0.38530204999999995,0.18205384999999988,0.20324820000000007,2.1164180268640305
1x,100,120,mesh-bvh_to_scene-bvh,mesh-bvh,scene-bvh,257,0.5974794999999999,0.1645835,0.43289599999999995,3.630251513669353,1.033893449999999,0.24069939999999998,0.793194049999999,4.295371945256195
1x,100,120,mesh-bvh_to_scene-bvh,mesh-bvh,scene-bvh,361,0.7131244999999999,0.247396,0.46572849999999993,2.882522352827046,0.9804871500000001,0.38592294999999965,0.5945642000000004,2.5406292888256607
1x,400,120,true-brute_to_mesh-bvh,true-brute,mesh-bvh,0,4.2e-05,4.2e-05,0.0,1.0,4.2e-05,4.2e-05,0.0,1.0
1x,400,120,true-brute_to_mesh-bvh,true-brute,mesh-bvh,5,1.591062,0.0330625,1.5579995,48.12285822306238,3.086708349999999,0.03846215,3.048246199999999,80.25314107505687
1x,400,120,true-brute_to_mesh-bvh,true-brute,mesh-bvh,9,3.0901665,0.068167,3.0219995,45.33229421861017,7.910157999999999,0.10389999999999999,7.806257999999999,76.13241578440808
1x,400,120,true-brute_to_mesh-bvh,true-brute,mesh-bvh,17,5.9155,0.22714600000000001,5.6883539999999995,26.042721421464606,9.660054149999999,1.1137472999999998,8.546306849999999,8.673470319524007
1x,400,120,true-brute_to_mesh-bvh,true-brute,mesh-bvh,33,9.696291500000001,0.394229,9.302062500000002,24.595581502121867,16.498737499999994,0.7633993999999998,15.735338099999995,21.6121960535992
1x,400,120,true-brute_to_mesh-bvh,true-brute,mesh-bvh,65,19.93925,0.607271,19.331979,32.83418770203089,27.845344049999994,1.4681026999999998,26.377241349999995,18.966891110546964
1x,400,120,true-brute_to_mesh-bvh,true-brute,mesh-bvh,129,38.912208,1.0496664999999998,37.8625415,37.07102017640842,50.86683539999997,1.48621075,49.38062464999997,34.225856191660554
1x,400,120,true-brute_to_mesh-bvh,true-brute,mesh-bvh,257,68.826792,1.9846255,66.84216649999999,34.679989751215025,97.08253159999998,2.4549877999999983,94.62754379999998,39.54501590598538
1x,400,120,true-brute_to_mesh-bvh,true-brute,mesh-bvh,361,99.037,3.1225414999999996,95.91445850000001,31.716792234786958,186.57171839999984,4.594518749999999,181.97719964999985,40.607456091021476
1x,400,120,mesh-bvh_to_scene-bvh,mesh-bvh,scene-bvh,0,4.2e-05,4.2e-05,0.0,1.0,4.2e-05,4.2e-05,0.0,1.0
1x,400,120,mesh-bvh_to_scene-bvh,mesh-bvh,scene-bvh,5,0.0330625,0.003125,0.029937500000000002,10.58,0.03846215,0.005842299999999997,0.032619850000000006,6.5833918148674355
1x,400,120,mesh-bvh_to_scene-bvh,mesh-bvh,scene-bvh,9,0.068167,0.0080625,0.060104500000000005,8.454821705426356,0.10389999999999999,0.01255834999999998,0.09134165000000001,8.27337986280046
1x,400,120,mesh-bvh_to_scene-bvh,mesh-bvh,scene-bvh,17,0.22714600000000001,0.015708,0.21143800000000001,14.46052966641202,1.1137472999999998,0.029970549999999995,1.0837767499999997,37.161390097946146
1x,400,120,mesh-bvh_to_scene-bvh,mesh-bvh,scene-bvh,33,0.394229,0.032729,0.3615,12.045250389562772,0.7633993999999998,0.04143685,0.7219625499999999,18.423200605258362
1x,400,120,mesh-bvh_to_scene-bvh,mesh-bvh,scene-bvh,65,0.607271,0.06522900000000001,0.542042,9.3098315166567,1.4681026999999998,0.08930799999999979,1.3787947,16.43864715367048
1x,400,120,mesh-bvh_to_scene-bvh,mesh-bvh,scene-bvh,129,1.0496664999999998,0.1308125,0.9188539999999998,8.024206402293357,1.48621075,0.16103779999999995,1.32517295,9.228955872472179
1x,400,120,mesh-bvh_to_scene-bvh,mesh-bvh,scene-bvh,257,1.9846255,0.229417,1.7552085,8.65073425247475,2.4549877999999983,0.3243274,2.1306603999999982,7.5694739328221985
1x,400,120,mesh-bvh_to_scene-bvh,mesh-bvh,scene-bvh,361,3.1225414999999996,0.30725,2.8152915,10.162868999186328,4.594518749999999,0.37173299999999937,4.22278575,12.359727949899543
4x,25,480,true-brute_to_mesh-bvh,true-brute,mesh-bvh,0,4.1e-05,4.2e-05,-9.999999999999972e-07,0.9761904761904763,4.2e-05,4.2e-05,0.0,1.0
4x,25,480,true-brute_to_mesh-bvh,true-brute,mesh-bvh,5,0.2958545,0.002708,0.29314650000000003,109.25203101920238,0.4238026999999999,0.003875,0.4199276999999999,109.3684387096774
4x,25,480,true-brute_to_mesh-bvh,true-brute,mesh-bvh,9,0.5176665,0.005042,0.5126245,102.6708647362158,0.6500083499999999,0.006542,0.6434663499999999,99.35927086517883
4x,25,480,true-brute_to_mesh-bvh,true-brute,mesh-bvh,17,1.041458,0.009875,1.031583,105.46410126582278,1.647112199999999,0.01146105,1.6356511499999988,143.71390055884922
4x,25,480,true-brute_to_mesh-bvh,true-brute,mesh-bvh,33,2.0265,0.020083,2.006417,100.90623910770303,2.6847931499999995,0.022675349999999997,2.6621177999999994,118.40139843486429
4x,25,480,true-brute_to_mesh-bvh,true-brute,mesh-bvh,65,4.243957999999999,0.0393955,4.204562499999999,107.7269738929573,5.513372899999998,0.043716349999999994,5.469656549999997,126.11695395429852
4x,25,480,true-brute_to_mesh-bvh,true-brute,mesh-bvh,129,7.710146,0.0775415,7.6326045,99.43251033317642,9.125078849999998,0.08575205000000001,9.039326799999998,106.4123697334349
4x,25,480,true-brute_to_mesh-bvh,true-brute,mesh-bvh,257,17.3478335,0.153229,17.1946045,113.21508004359488,29.47780805,0.17435805,29.30345,169.06479540233445
4x,25,480,true-brute_to_mesh-bvh,true-brute,mesh-bvh,361,22.8853335,0.21650000000000003,22.6688335,105.70592840646651,30.626605899999994,0.2396354,30.386970499999993,127.80501503534117
4x,25,480,mesh-bvh_to_scene-bvh,mesh-bvh,scene-bvh,0,4.2e-05,4.1e-05,9.999999999999972e-07,1.024390243902439,4.2e-05,4.2e-05,0.0,1.0
4x,25,480,mesh-bvh_to_scene-bvh,mesh-bvh,scene-bvh,5,0.002708,0.0021455,0.0005625000000000001,1.2621766487998136,0.003875,0.0035,0.0003749999999999999,1.1071428571428572
4x,25,480,mesh-bvh_to_scene-bvh,mesh-bvh,scene-bvh,9,0.005042,0.0045415,0.0005004999999999992,1.1102058791148297,0.006542,0.006125,0.00041699999999999984,1.068081632653061
4x,25,480,mesh-bvh_to_scene-bvh,mesh-bvh,scene-bvh,17,0.009875,0.00875,0.0011249999999999993,1.1285714285714286,0.01146105,0.010544099999999999,0.0009169500000000014,1.0869633254616327
4x,25,480,mesh-bvh_to_scene-bvh,mesh-bvh,scene-bvh,33,0.020083,0.016688,0.0033949999999999987,1.2034395973154361,0.022675349999999997,0.02137915,0.0012961999999999974,1.0606291643961523
4x,25,480,mesh-bvh_to_scene-bvh,mesh-bvh,scene-bvh,65,0.0393955,0.035250000000000004,0.004145499999999996,1.1176028368794324,0.043716349999999994,0.04346215,0.0002541999999999961,1.0058487672607084
4x,25,480,mesh-bvh_to_scene-bvh,mesh-bvh,scene-bvh,129,0.0775415,0.0677085,0.009832999999999995,1.14522548867572,0.08575205000000001,0.08689999999999999,-0.001147949999999981,0.9867899884925203
4x,25,480,mesh-bvh_to_scene-bvh,mesh-bvh,scene-bvh,257,0.153229,0.13025,0.022979,1.1764222648752398,0.17435805,0.16462705,0.00973099999999999,1.0591093626472685
4x,25,480,mesh-bvh_to_scene-bvh,mesh-bvh,scene-bvh,361,0.21650000000000003,0.1898335,0.026666500000000037,1.14047309879447,0.2396354,0.23021934999999996,0.009416050000000037,1.0409003413483708
4x,100,480,true-brute_to_mesh-bvh,true-brute,mesh-bvh,0,4.2e-05,4.2e-05,0.0,1.0,4.2e-05,4.2e-05,0.0,1.0
4x,100,480,true-brute_to_mesh-bvh,true-brute,mesh-bvh,5,1.1836034999999998,0.010875,1.1727284999999998,108.83710344827585,1.45808125,0.03905144999999995,1.4190298000000001,37.33744201559742
4x,100,480,true-brute_to_mesh-bvh,true-brute,mesh-bvh,9,2.364979,0.018521,2.346458,127.69175530478915,2.7593152,0.032375349999999976,2.72693985,85.22889173398904
4x,100,480,true-brute_to_mesh-bvh,true-brute,mesh-bvh,17,4.481229000000001,0.036063,4.445166,124.26112636219952,5.895012499999999,0.04892979999999997,5.846082699999999,120.47898213358737
4x,100,480,true-brute_to_mesh-bvh,true-brute,mesh-bvh,33,8.726062500000001,0.071958,8.6541045,121.2660510297674,10.52545625,0.09802674999999998,10.427429499999999,107.37330626589173
4x,100,480,true-brute_to_mesh-bvh,true-brute,mesh-bvh,65,16.842104,0.1435835,16.6985205,117.29832466822441,21.88662739999999,0.18791699999999995,21.698710399999992,116.46965096292512
4x,100,480,true-brute_to_mesh-bvh,true-brute,mesh-bvh,129,34.6937915,0.26268800000000003,34.431103500000006,132.07223588439518,47.14688125,0.36063539999999994,46.78624585,130.7328156082293
4x,100,480,true-brute_to_mesh-bvh,true-brute,mesh-bvh,257,64.253875,0.5350625,63.71881249999999,120.08667211774325,74.85157914999999,0.7119568999999999,74.13962224999999,105.1349866122514
4x,100,480,true-brute_to_mesh-bvh,true-brute,mesh-bvh,361,88.727833,0.907521,87.820312,97.76945437075285,104.07283299999996,1.9018728999999985,102.17096009999996,54.72123452623992
4x,100,480,mesh-bvh_to_scene-bvh,mesh-bvh,scene-bvh,0,4.2e-05,4.1e-05,9.999999999999972e-07,1.024390243902439,4.2e-05,4.2e-05,0.0,1.0
4x,100,480,mesh-bvh_to_scene-bvh,mesh-bvh,scene-bvh,5,0.010875,0.0023545,0.0085205,4.618815035039287,0.03905144999999995,0.0034600999999999994,0.03559134999999995,11.286220051443589
4x,100,480,mesh-bvh_to_scene-bvh,mesh-bvh,scene-bvh,9,0.018521,0.00575,0.012771,3.2210434782608695,0.032375349999999976,0.008046149999999998,0.024329199999999978,4.023706990299706
4x,100,480,mesh-bvh_to_scene-bvh,mesh-bvh,scene-bvh,17,0.036063,0.0116875,0.024375499999999998,3.0856042780748663,0.04892979999999997,0.016341349999999998,0.03258844999999997,2.9942324226578574
4x,100,480,mesh-bvh_to_scene-bvh,mesh-bvh,scene-bvh,33,0.071958,0.0271245,0.0448335,2.65287839407178,0.09802674999999998,0.03767079999999998,0.06035595,2.6021945379445093
4x,100,480,mesh-bvh_to_scene-bvh,mesh-bvh,scene-bvh,65,0.1435835,0.046,0.0975835,3.121380434782609,0.18791699999999995,0.06223924999999999,0.12567774999999995,3.0192683877135407
4x,100,480,mesh-bvh_to_scene-bvh,mesh-bvh,scene-bvh,129,0.26268800000000003,0.1022085,0.16047950000000005,2.570118923572893,0.36063539999999994,0.2197520999999997,0.14088330000000024,1.6411010406726507
4x,100,480,mesh-bvh_to_scene-bvh,mesh-bvh,scene-bvh,257,0.5350625,0.224229,0.3108335,2.3862323785059023,0.7119568999999999,0.47849519999999984,0.23346170000000005,1.487908133665709
4x,100,480,mesh-bvh_to_scene-bvh,mesh-bvh,scene-bvh,361,0.907521,0.2931465,0.6143745,3.0957934002282137,1.9018728999999985,0.45043574999999964,1.451437149999999,4.22229563261797
4x,400,480,true-brute_to_mesh-bvh,true-brute,mesh-bvh,0,4.2e-05,4.2e-05,0.0,1.0,4.2e-05,8.4e-05,-4.2e-05,0.5
4x,400,480,true-brute_to_mesh-bvh,true-brute,mesh-bvh,5,5.610875,0.055,5.555875,102.01590909090909,7.307088949999998,0.06418365,7.242905299999998,113.84657852895556
4x,400,480,true-brute_to_mesh-bvh,true-brute,mesh-bvh,9,11.0479795,0.1038335,10.944146,106.4009158893806,15.31659999999996,0.12075419999999999,15.19584579999996,126.84113678861655
4x,400,480,true-brute_to_mesh-bvh,true-brute,mesh-bvh,17,21.611458,0.2198335,21.3916245,98.30830151000644,29.71939134999999,0.4673792,29.25201214999999,63.587321280022714
4x,400,480,true-brute_to_mesh-bvh,true-brute,mesh-bvh,33,41.8825415,0.419,41.463541500000005,99.95833293556086,60.17381729999986,0.8304249999999995,59.34339229999986,72.4614712948188
4x,400,480,true-brute_to_mesh-bvh,true-brute,mesh-bvh,65,87.9583335,0.8793335,87.079,100.02841185966416,143.1156899,2.400711049999999,140.71497885,59.61387560572942
4x,400,480,true-brute_to_mesh-bvh,true-brute,mesh-bvh,129,210.675833,1.6545835,209.0212495,127.32861955894037,440.4585583499998,2.0905604499999995,438.3679978999998,210.68922371988808
4x,400,480,true-brute_to_mesh-bvh,true-brute,mesh-bvh,257,343.43672949999996,3.3275005,340.10922899999997,103.21162370974848,457.89445835,4.968289549999997,452.92616879999997,92.16340024908577
4x,400,480,true-brute_to_mesh-bvh,true-brute,mesh-bvh,361,484.110396,4.320167,479.79022899999995,112.0582597848648,628.5541374999995,5.594471149999996,622.9596663499995,112.35273552174809
4x,400,480,mesh-bvh_to_scene-bvh,mesh-bvh,scene-bvh,0,4.2e-05,4.2e-05,0.0,1.0,8.4e-05,4.2e-05,4.2e-05,2.0
4x,400,480,mesh-bvh_to_scene-bvh,mesh-bvh,scene-bvh,5,0.055,0.003916,0.051084,14.044943820224718,0.06418365,0.007012499999999996,0.05717115,9.152748663101608
4x,400,480,mesh-bvh_to_scene-bvh,mesh-bvh,scene-bvh,9,0.1038335,0.008875,0.0949585,11.699549295774649,0.12075419999999999,0.01358605,0.10716814999999999,8.88810213417439
4x,400,480,mesh-bvh_to_scene-bvh,mesh-bvh,scene-bvh,17,0.2198335,0.017688,0.20214549999999998,12.428397783808231,0.4673792,0.02467325,0.44270595,18.942749739089905
4x,400,480,mesh-bvh_to_scene-bvh,mesh-bvh,scene-bvh,33,0.419,0.036396,0.382604,11.512254093856468,0.8304249999999995,0.0469601,0.7834648999999996,17.68362929380473
4x,400,480,mesh-bvh_to_scene-bvh,mesh-bvh,scene-bvh,65,0.8793335,0.07375,0.8055835,11.923166101694916,2.400711049999999,0.09810624999999996,2.3026047999999992,24.470520991272217
4x,400,480,mesh-bvh_to_scene-bvh,mesh-bvh,scene-bvh,129,1.6545835,0.146208,1.5083755,11.316641360253884,2.0905604499999995,0.17941839999999998,1.9111420499999996,11.651873219246186
4x,400,480,mesh-bvh_to_scene-bvh,mesh-bvh,scene-bvh,257,3.3275005,0.283271,3.0442295,11.746703686575753,4.968289549999997,0.35693125,4.611358299999997,13.919458018876178
4x,400,480,mesh-bvh_to_scene-bvh,mesh-bvh,scene-bvh,361,4.320167,0.4065,3.913667,10.627717097170972,5.594471149999996,0.48310865000000003,5.111362499999996,11.580151069536834
16x,25,1920,true-brute_to_mesh-bvh,true-brute,mesh-bvh,0,4.2e-05,4.2e-05,0.0,1.0,8.4e-05,4.2e-05,4.2e-05,2.0
16x,25,1920,true-brute_to_mesh-bvh,true-brute,mesh-bvh,5,1.742521,0.003417,1.739104,509.9563944980978,2.4290214999999997,0.005169049999999999,2.4238524499999996,469.9164256488137
16x,25,1920,true-brute_to_mesh-bvh,true-brute,mesh-bvh,9,3.065979,0.005375,3.060604,570.4146976744187,3.8175003499999995,0.007379199999999998,3.8101211499999996,517.3325495988726
16x,25,1920,true-brute_to_mesh-bvh,true-brute,mesh-bvh,17,5.534292000000001,0.011208,5.523084000000001,493.78051391862965,8.482924999999998,0.0137542,8.469170799999999,616.7516104171815
16x,25,1920,true-brute_to_mesh-bvh,true-brute,mesh-bvh,33,9.595916500000001,0.022292,9.573624500000001,430.4645837071596,11.566360399999999,0.02508715,11.54127325,461.04720544182976
16x,25,1920,true-brute_to_mesh-bvh,true-brute,mesh-bvh,65,24.813646,0.0446455,24.769000499999997,555.7927674681658,71.76645414999996,0.051335099999999995,71.71511904999996,1397.9996951403614
16x,25,1920,true-brute_to_mesh-bvh,true-brute,mesh-bvh,129,43.327563,0.09635450000000001,43.2312085,449.66828741781643,56.72343124999997,0.115692,56.607739249999966,490.2969198388823
16x,25,1920,true-brute_to_mesh-bvh,true-brute,mesh-bvh,257,79.4296875,0.189354,79.2403335,419.47720935390856,100.99918604999996,0.23399999999999987,100.76518604999997,431.6204532051283
16x,25,1920,true-brute_to_mesh-bvh,true-brute,mesh-bvh,361,98.01049950000001,0.260417,97.7500825,376.3598363394095,124.16590864999996,0.34285659999999996,123.82305204999996,362.1511403018054
16x,25,1920,mesh-bvh_to_scene-bvh,mesh-bvh,scene-bvh,0,4.2e-05,4.2e-05,0.0,1.0,4.2e-05,4.2e-05,0.0,1.0
16x,25,1920,mesh-bvh_to_scene-bvh,mesh-bvh,scene-bvh,5,0.003417,0.00225,0.001167,1.5186666666666668,0.005169049999999999,0.003252099999999999,0.0019169499999999997,1.5894498939147013
16x,25,1920,mesh-bvh_to_scene-bvh,mesh-bvh,scene-bvh,9,0.005375,0.0053545,2.0499999999999685e-05,1.003828555420674,0.007379199999999998,0.017287499999999987,-0.009908299999999988,0.42685177151120773
16x,25,1920,mesh-bvh_to_scene-bvh,mesh-bvh,scene-bvh,17,0.011208,0.009604,0.0016039999999999995,1.1670137442732194,0.0137542,0.012135399999999998,0.0016188000000000018,1.1333948613148312
16x,25,1920,mesh-bvh_to_scene-bvh,mesh-bvh,scene-bvh,33,0.022292,0.0210625,0.001229499999999998,1.058373887240356,0.02508715,0.03338335,-0.0082962,0.7514868939156795
16x,25,1920,mesh-bvh_to_scene-bvh,mesh-bvh,scene-bvh,65,0.0446455,0.040541,0.004104499999999997,1.1012431859105596,0.051335099999999995,0.05431039999999998,-0.0029752999999999863,0.9452167540655199
16x,25,1920,mesh-bvh_to_scene-bvh,mesh-bvh,scene-bvh,129,0.09635450000000001,0.079,0.01735450000000001,1.2196772151898736,0.115692,0.10686634999999998,0.008825650000000018,1.0825858654291085
16x,25,1920,mesh-bvh_to_scene-bvh,mesh-bvh,scene-bvh,257,0.189354,0.1580835,0.03127050000000001,1.1978100181233335,0.23399999999999987,0.2115955,0.022404499999999883,1.10588363174075
16x,25,1920,mesh-bvh_to_scene-bvh,mesh-bvh,scene-bvh,361,0.260417,0.2536255,0.006791500000000006,1.0267776702263771,0.34285659999999996,0.31260269999999996,0.0302539,1.096780673999297
16x,100,1920,true-brute_to_mesh-bvh,true-brute,mesh-bvh,0,4.2e-05,4.1e-05,9.999999999999972e-07,1.024390243902439,4.2e-05,4.2e-05,0.0,1.0
16x,100,1920,true-brute_to_mesh-bvh,true-brute,mesh-bvh,5,5.470938,0.010437499999999999,5.4605005,524.1617245508983,5.918935449999999,0.013999699999999986,5.904935749999999,422.7901633606438
16x,100,1920,true-brute_to_mesh-bvh,true-brute,mesh-bvh,9,11.6694795,0.017687500000000002,11.651792,659.7585583038868,17.79084819999999,0.0217101,17.76913809999999,819.4733419007738
16x,100,1920,true-brute_to_mesh-bvh,true-brute,mesh-bvh,17,19.52375,0.035583,19.488167,548.6819548660878,23.62637679999998,0.04246904999999999,23.58390774999998,556.319880006734
16x,100,1920,true-brute_to_mesh-bvh,true-brute,mesh-bvh,33,38.617333,0.071354,38.545979,541.207682820865,119.7605023999999,0.08309019999999996,119.67741219999989,1441.331256875058
16x,100,1920,true-brute_to_mesh-bvh,true-brute,mesh-bvh,65,92.834229,0.1408335,92.6933955,659.1771773051156,193.44604794999998,0.16081284999999998,193.28523509999997,1202.9265568640815
16x,100,1920,true-brute_to_mesh-bvh,true-brute,mesh-bvh,129,78.87545800000001,0.2805415,78.59491650000001,281.1543318902908,105.43408539999999,0.36292915,105.07115624999999,290.50872711657354
16x,100,1920,true-brute_to_mesh-bvh,true-brute,mesh-bvh,257,224.39404150000001,0.5773545,223.816687,388.6590327086738,313.77603749999986,0.8745690499999994,312.90146844999987,358.7778889499921
16x,100,1920,true-brute_to_mesh-bvh,true-brute,mesh-bvh,361,349.3460205,0.800959,348.54506150000003,436.15967920954756,443.36771839999994,1.1113600999999993,442.25635829999993,398.9415477485652
16x,100,1920,mesh-bvh_to_scene-bvh,mesh-bvh,scene-bvh,0,4.1e-05,4.1e-05,0.0,1.0,4.2e-05,4.2e-05,0.0,1.0
16x,100,1920,mesh-bvh_to_scene-bvh,mesh-bvh,scene-bvh,5,0.010437499999999999,0.003375,0.007062499999999999,3.092592592592592,0.013999699999999986,0.005625,0.008374699999999987,2.488835555555553
16x,100,1920,mesh-bvh_to_scene-bvh,mesh-bvh,scene-bvh,9,0.017687500000000002,0.007334,0.010353500000000002,2.4117125715844017,0.0217101,0.009375,0.0123351,2.315744
16x,100,1920,mesh-bvh_to_scene-bvh,mesh-bvh,scene-bvh,17,0.035583,0.01275,0.022833,2.7908235294117647,0.04246904999999999,0.015941949999999993,0.026527099999999994,2.663980880632545
16x,100,1920,mesh-bvh_to_scene-bvh,mesh-bvh,scene-bvh,33,0.071354,0.0263335,0.045020500000000005,2.7096284200732907,0.08309019999999996,0.03225,0.05084019999999996,2.576440310077518
16x,100,1920,mesh-bvh_to_scene-bvh,mesh-bvh,scene-bvh,65,0.1408335,0.051729,0.0891045,2.722525082642232,0.16081284999999998,0.06325625,0.09755659999999998,2.5422444422487893
16x,100,1920,mesh-bvh_to_scene-bvh,mesh-bvh,scene-bvh,129,0.2805415,0.10518749999999999,0.175354,2.6670612002376712,0.36292915,0.12698509999999977,0.2359440500000002,2.8580451564789935
16x,100,1920,mesh-bvh_to_scene-bvh,mesh-bvh,scene-bvh,257,0.5773545,0.23375,0.3436045,2.4699657754010693,0.8745690499999994,0.8975943999999995,-0.023025350000000055,0.9743477120623747
16x,100,1920,mesh-bvh_to_scene-bvh,mesh-bvh,scene-bvh,361,0.800959,0.28935449999999996,0.5116045,2.768088970449743,1.1113600999999993,0.3592569,0.7521031999999993,3.0934968820362236
16x,400,1920,true-brute_to_mesh-bvh,true-brute,mesh-bvh,0,4.2e-05,4.1e-05,9.999999999999972e-07,1.024390243902439,4.2e-05,4.2e-05,0.0,1.0
16x,400,1920,true-brute_to_mesh-bvh,true-brute,mesh-bvh,5,22.3989165,0.0404375,22.358479,553.9144729520865,29.190799649999995,0.048266649999999994,29.142532999999997,604.7819695379728
16x,400,1920,true-brute_to_mesh-bvh,true-brute,mesh-bvh,9,46.493207999999996,0.07760449999999999,46.415603499999996,599.1045364637359,67.94002295,0.08847259999999998,67.85155035,767.9216271478402
16x,400,1920,true-brute_to_mesh-bvh,true-brute,mesh-bvh,17,68.7513745,0.1518545,68.59952,452.7450585922709,94.35661635,0.17408815,94.1825282,542.0048196847401
16x,400,1920,true-brute_to_mesh-bvh,true-brute,mesh-bvh,33,126.7645835,0.30035449999999997,126.464229,422.0498893807152,155.7074271,0.34454789999999996,155.36287919999998,451.91808482942434
16x,400,1920,true-brute_to_mesh-bvh,true-brute,mesh-bvh,65,312.747708,0.595771,312.151937,524.9461756278838,439.4685732499999,0.67173715,438.7968360999999,654.2269893067547
16x,400,1920,true-brute_to_mesh-bvh,true-brute,mesh-bvh,129,561.6461664999999,1.2382499999999999,560.4079164999999,453.5805907530789,811.7274853999995,2.2771249999999994,809.4503603999996,356.47032350002735
16x,400,1920,true-brute_to_mesh-bvh,true-brute,mesh-bvh,257,983.5898955,2.317062,981.2728335,424.49873827286456,1482.9412826999999,2.7550350999999993,1480.1862476,538.2658401339424
16x,400,1920,true-brute_to_mesh-bvh,true-brute,mesh-bvh,361,1649.9695004999999,3.0214375,1646.9480629999998,546.0875826489873,3436.7496857499996,3.60276105,3433.1469246999995,953.9210727700079
16x,400,1920,mesh-bvh_to_scene-bvh,mesh-bvh,scene-bvh,0,4.1e-05,4.1e-05,0.0,1.0,4.2e-05,4.2e-05,0.0,1.0
16x,400,1920,mesh-bvh_to_scene-bvh,mesh-bvh,scene-bvh,5,0.0404375,0.0029165,0.037521,13.865078004457398,0.048266649999999994,0.004836049999999999,0.04343059999999999,9.980593666318587
16x,400,1920,mesh-bvh_to_scene-bvh,mesh-bvh,scene-bvh,9,0.07760449999999999,0.0065415000000000004,0.07106299999999999,11.863410532752425,0.08847259999999998,0.008964299999999998,0.07950829999999999,9.86943765826668
16x,400,1920,mesh-bvh_to_scene-bvh,mesh-bvh,scene-bvh,17,0.1518545,0.013521,0.1383335,11.231011019894979,0.17408815,0.018959,0.15512915,9.182348752571338
16x,400,1920,mesh-bvh_to_scene-bvh,mesh-bvh,scene-bvh,33,0.30035449999999997,0.0270835,0.273271,11.089944061882695,0.34454789999999996,0.0340441,0.31050379999999994,10.120634706160537
16x,400,1920,mesh-bvh_to_scene-bvh,mesh-bvh,scene-bvh,65,0.595771,0.0548955,0.5408755000000001,10.852820358681496,0.67173715,0.07022949999999993,0.6015076500000001,9.564885838572119
16x,400,1920,mesh-bvh_to_scene-bvh,mesh-bvh,scene-bvh,129,1.2382499999999999,0.10897899999999999,1.129271,11.362280806393892,2.2771249999999994,0.13622769999999998,2.1408972999999993,16.71557987105412
16x,400,1920,mesh-bvh_to_scene-bvh,mesh-bvh,scene-bvh,257,2.317062,0.209396,2.107666,11.065454927505778,2.7550350999999993,0.26025685,2.4947782499999995,10.585831266304805
16x,400,1920,mesh-bvh_to_scene-bvh,mesh-bvh,scene-bvh,361,3.0214375,0.3075835,2.7138540000000004,9.823145584857446,3.60276105,0.373242,3.22951905,9.652614255630395
